transaction_id,account_id,AccountType,Balance,OpeningDate_ID,TransactionType,Amount,TransactionDate_ID
1,1,,,,withdrawal,102.15,1212.0
2,2,,,,withdrawal,358.8,165.0
2,2,,,,withdrawal,358.8,165.0
2,2,,,,withdrawal,358.8,165.0
2,2,,,,withdrawal,358.8,165.0
3,3,Savings,2391.9,261.0,,,
3,3,Savings,2391.9,261.0,,,
3,3,Savings,2391.9,261.0,,,
4,4,Credit,7880.53,1322.0,deposit,463.13,246.0
4,4,Credit,7880.53,1322.0,deposit,463.13,246.0
5,5,,,,withdrawal,21.94,915.0
6,6,Savings,947.43,857.0,,,
7,7,Savings,4492.62,244.0,,,
8,8,Credit,8439.15,310.0,withdrawal,256.62,873.0
9,9,Checking,9232.35,895.0,deposit,272.21,1243.0
10,10,,,,withdrawal,498.95,539.0
11,11,Checking,3721.97,1029.0,withdrawal,369.25,1033.0
11,11,Checking,3721.97,1029.0,withdrawal,369.25,1033.0
11,11,Checking,3721.97,1029.0,withdrawal,369.25,1033.0
12,12,Checking,4532.51,982.0,withdrawal,295.89,641.0
13,13,Checking,2448.6,1039.0,deposit,344.01,1160.0
13,13,Checking,2448.6,1039.0,deposit,344.01,1160.0
13,13,Checking,2448.6,1039.0,deposit,344.01,1160.0
14,5,,,,withdrawal,268.86,1296.0
15,14,Savings,9772.03,212.0,deposit,452.34,61.0
16,15,Savings,4846.99,602.0,withdrawal,416.56,1188.0
17,16,Credit,1496.1,533.0,,,
17,16,Credit,1496.1,533.0,,,
17,16,Credit,1496.1,533.0,,,
18,17,Savings,8268.0,375.0,withdrawal,355.49,851.0
19,18,Savings,4315.64,1195.0,withdrawal,56.89,465.0
20,19,Checking,7676.38,512.0,withdrawal,40.97,842.0
21,20,,,,deposit,150.47,64.0
22,21,Checking,5164.29,978.0,deposit,68.11,867.0
23,22,Credit,8539.34,1180.0,withdrawal,125.53,391.0
24,23,,,,withdrawal,168.54,258.0
24,23,,,,withdrawal,168.54,258.0
24,23,,,,withdrawal,168.54,258.0
25,24,Credit,444.6,671.0,withdrawal,236.09,315.0
25,24,Credit,444.6,671.0,withdrawal,236.09,315.0
25,24,Credit,444.6,671.0,withdrawal,236.09,315.0
25,24,Credit,444.6,671.0,withdrawal,236.09,315.0
26,25,Savings,8330.83,1484.0,deposit,297.99,1217.0
26,25,Savings,8330.83,1484.0,deposit,297.99,1217.0
26,25,Savings,8330.83,1484.0,deposit,297.99,1217.0
27,26,Savings,8648.97,887.0,deposit,147.5,18.0
27,26,Savings,8648.97,887.0,deposit,147.5,18.0
28,27,Savings,7446.25,1398.0,,,
29,28,Checking,9529.29,1223.0,withdrawal,351.38,870.0
30,29,Savings,5051.48,867.0,deposit,403.71,1414.0
31,30,Checking,4880.23,274.0,deposit,358.37,973.0
32,31,Savings,8380.64,694.0,deposit,140.67,1043.0
32,31,Savings,8380.64,694.0,deposit,140.67,1043.0
33,32,,,,deposit,268.39,1138.0
33,32,,,,deposit,268.39,1138.0
34,33,Checking,4000.76,1356.0,deposit,93.16,259.0
34,33,Checking,4000.76,1356.0,deposit,93.16,259.0
34,33,Checking,4000.76,1356.0,deposit,93.16,259.0
35,34,,,,withdrawal,384.83,1483.0
36,35,Credit,3099.1,756.0,,,
37,36,Checking,4765.84,781.0,deposit,30.0,1151.0
37,36,Checking,4765.84,781.0,deposit,30.0,1151.0
38,37,Checking,6400.46,447.0,deposit,494.22,1006.0
39,38,Checking,3099.96,1221.0,withdrawal,465.1,537.0
40,16,Credit,1496.1,533.0,,,
40,16,Credit,1496.1,533.0,,,
40,16,Credit,1496.1,533.0,,,
41,39,Credit,6681.52,679.0,withdrawal,105.12,1064.0
41,39,Credit,6681.52,679.0,withdrawal,105.12,1064.0
42,40,,,,withdrawal,412.17,1052.0
43,41,Savings,1443.64,151.0,withdrawal,328.65,321.0
43,41,Savings,1443.64,151.0,withdrawal,328.65,321.0
43,41,Savings,1443.64,151.0,withdrawal,328.65,321.0
44,42,Checking,4797.54,818.0,deposit,448.75,670.0
45,43,,,,withdrawal,36.85,644.0
46,44,,,,deposit,430.92,1351.0
47,45,Checking,2161.94,676.0,withdrawal,167.84,62.0
47,45,Checking,2161.94,676.0,withdrawal,167.84,62.0
47,45,Checking,2161.94,676.0,withdrawal,167.84,62.0
48,25,Savings,8330.83,1484.0,withdrawal,387.49,1158.0
48,25,Savings,8330.83,1484.0,withdrawal,387.49,1158.0
48,25,Savings,8330.83,1484.0,withdrawal,387.49,1158.0
49,25,Savings,8330.83,1484.0,,,
49,25,Savings,8330.83,1484.0,,,
49,25,Savings,8330.83,1484.0,,,
50,46,Checking,2511.55,1150.0,deposit,227.4,1446.0
51,2,,,,withdrawal,370.16,320.0
51,2,,,,withdrawal,370.16,320.0
51,2,,,,withdrawal,370.16,320.0
51,2,,,,withdrawal,370.16,320.0
52,47,Checking,9461.84,497.0,,,
53,48,Savings,2813.49,1370.0,withdrawal,50.99,529.0
54,49,Credit,9382.52,960.0,withdrawal,426.91,819.0
55,50,Checking,408.18,334.0,withdrawal,86.29,1091.0
56,51,,,,withdrawal,193.12,1121.0
57,52,Savings,5779.42,226.0,deposit,271.18,407.0
58,53,Credit,5981.73,160.0,withdrawal,337.93,296.0
59,54,,,,withdrawal,46.76,1484.0
60,55,Checking,5108.1,1262.0,withdrawal,299.22,1217.0
61,56,Credit,8471.16,614.0,,,
62,57,Savings,9139.78,1099.0,deposit,309.22,1166.0
63,58,Checking,485.78,339.0,withdrawal,381.28,328.0
64,59,,,,withdrawal,356.54,502.0
65,34,,,,withdrawal,309.74,773.0
66,60,Savings,3999.07,285.0,,,
67,61,Savings,9573.53,614.0,deposit,298.4,959.0
68,62,Checking,8922.24,1200.0,withdrawal,132.43,710.0
69,63,Credit,6050.42,253.0,deposit,490.26,1269.0
70,39,Credit,6681.52,679.0,withdrawal,136.12,613.0
70,39,Credit,6681.52,679.0,withdrawal,136.12,613.0
71,64,Savings,3935.69,1215.0,deposit,67.63,72.0
72,65,,,,withdrawal,333.17,1186.0
72,65,,,,withdrawal,333.17,1186.0
73,66,Checking,9829.08,880.0,,,
73,66,Checking,9829.08,880.0,,,
74,67,Savings,5901.01,671.0,withdrawal,381.9,1466.0
75,68,,,,withdrawal,363.18,777.0
76,69,Credit,2371.32,1283.0,deposit,364.14,1001.0
77,39,Credit,6681.52,679.0,withdrawal,287.91,133.0
77,39,Credit,6681.52,679.0,withdrawal,287.91,133.0
78,70,Credit,6992.14,798.0,deposit,57.33,989.0
79,71,Checking,660.41,1482.0,,,
79,71,Checking,660.41,1482.0,,,
79,71,Checking,660.41,1482.0,,,
80,72,,,,withdrawal,54.48,84.0
81,73,Checking,8090.41,433.0,,,
81,73,Checking,8090.41,433.0,,,
82,74,Credit,477.03,83.0,withdrawal,61.79,1300.0
82,74,Credit,477.03,83.0,withdrawal,61.79,1300.0
83,75,,,,withdrawal,192.54,314.0
84,45,Checking,2161.94,676.0,withdrawal,418.3,1348.0
84,45,Checking,2161.94,676.0,withdrawal,418.3,1348.0
84,45,Checking,2161.94,676.0,withdrawal,418.3,1348.0
85,67,Savings,5901.01,671.0,withdrawal,112.4,4.0
86,56,Credit,8471.16,614.0,deposit,259.17,1137.0
87,76,Savings,9418.14,392.0,deposit,188.5,1139.0
88,77,Credit,1327.94,1333.0,,,
89,78,Checking,2442.05,439.0,,,
89,78,Checking,2442.05,439.0,,,
90,79,Checking,439.38,133.0,withdrawal,257.1,997.0
90,79,Checking,439.38,133.0,withdrawal,257.1,997.0
90,79,Checking,439.38,133.0,withdrawal,257.1,997.0
90,79,Checking,439.38,133.0,withdrawal,257.1,997.0
90,79,Checking,439.38,133.0,withdrawal,257.1,997.0
91,80,,,,deposit,26.44,272.0
92,54,,,,,,
93,81,Checking,9925.68,125.0,withdrawal,53.02,1413.0
94,82,Savings,6248.9,1193.0,,,
94,82,Savings,6248.9,1193.0,,,
94,82,Savings,6248.9,1193.0,,,
95,35,Credit,3099.1,756.0,withdrawal,308.31,644.0
96,1,,,,deposit,278.13,318.0
97,51,,,,withdrawal,274.08,911.0
98,22,Credit,8539.34,1180.0,withdrawal,296.84,865.0
99,53,Credit,5981.73,160.0,,,
100,83,,,,withdrawal,41.78,1351.0
101,84,,,,deposit,427.57,91.0
102,85,Checking,4723.64,1359.0,deposit,468.81,1088.0
103,86,Savings,479.11,117.0,deposit,330.91,1494.0
104,87,Credit,3020.06,327.0,,,
104,87,Credit,3020.06,327.0,,,
104,87,Credit,3020.06,327.0,,,
105,26,Savings,8648.97,887.0,,,
105,26,Savings,8648.97,887.0,,,
106,88,,,,deposit,132.69,663.0
106,88,,,,deposit,132.69,663.0
107,89,Savings,4556.78,509.0,withdrawal,70.81,1350.0
108,90,Savings,723.3,366.0,withdrawal,157.92,1413.0
108,90,Savings,723.3,366.0,withdrawal,157.92,1413.0
109,61,Savings,9573.53,614.0,withdrawal,276.47,903.0
110,91,Credit,5498.05,1176.0,withdrawal,284.4,504.0
111,92,Savings,3181.09,893.0,withdrawal,346.07,878.0
111,92,Savings,3181.09,893.0,withdrawal,346.07,878.0
112,93,Checking,7800.33,1356.0,withdrawal,428.25,863.0
112,93,Checking,7800.33,1356.0,withdrawal,428.25,863.0
112,93,Checking,7800.33,1356.0,withdrawal,428.25,863.0
113,94,,,,withdrawal,424.12,129.0
114,95,Credit,8536.16,691.0,,,
114,95,Credit,8536.16,691.0,,,
114,95,Credit,8536.16,691.0,,,
114,95,Credit,8536.16,691.0,,,
115,49,Credit,9382.52,960.0,,,
116,31,Savings,8380.64,694.0,withdrawal,466.19,885.0
116,31,Savings,8380.64,694.0,withdrawal,466.19,885.0
117,34,,,,withdrawal,446.0,183.0
118,96,Credit,6177.48,1446.0,deposit,358.7,1100.0
119,97,Checking,7244.31,466.0,withdrawal,119.2,632.0
120,50,Checking,408.18,334.0,withdrawal,486.72,444.0
121,34,,,,deposit,197.43,156.0
122,66,Checking,9829.08,880.0,deposit,252.67,607.0
122,66,Checking,9829.08,880.0,deposit,252.67,607.0
123,63,Credit,6050.42,253.0,withdrawal,75.93,1431.0
124,49,Credit,9382.52,960.0,withdrawal,403.69,757.0
125,98,Savings,7858.64,169.0,withdrawal,422.41,990.0
125,98,Savings,7858.64,169.0,withdrawal,422.41,990.0
125,98,Savings,7858.64,169.0,withdrawal,422.41,990.0
126,99,Credit,7306.58,579.0,withdrawal,29.89,532.0
126,99,Credit,7306.58,579.0,withdrawal,29.89,532.0
127,100,Checking,2767.61,305.0,withdrawal,117.45,1447.0
128,41,Savings,1443.64,151.0,,,
128,41,Savings,1443.64,151.0,,,
128,41,Savings,1443.64,151.0,,,
129,39,Credit,6681.52,679.0,deposit,112.77,647.0
129,39,Credit,6681.52,679.0,deposit,112.77,647.0
130,53,Credit,5981.73,160.0,deposit,67.73,448.0
131,101,Savings,1388.48,136.0,withdrawal,274.29,1487.0
132,102,Credit,369.92,948.0,deposit,83.27,1494.0
132,102,Credit,369.92,948.0,deposit,83.27,1494.0
132,102,Credit,369.92,948.0,deposit,83.27,1494.0
133,103,,,,withdrawal,91.19,1326.0
134,73,Checking,8090.41,433.0,withdrawal,23.42,156.0
134,73,Checking,8090.41,433.0,withdrawal,23.42,156.0
135,104,Checking,6792.0,799.0,,,
136,79,Checking,439.38,133.0,,,
136,79,Checking,439.38,133.0,,,
136,79,Checking,439.38,133.0,,,
136,79,Checking,439.38,133.0,,,
136,79,Checking,439.38,133.0,,,
137,105,,,,deposit,179.2,783.0
138,106,Savings,5071.66,578.0,,,
139,47,Checking,9461.84,497.0,deposit,209.07,560.0
140,85,Checking,4723.64,1359.0,,,
141,3,Savings,2391.9,261.0,deposit,98.53,1221.0
141,3,Savings,2391.9,261.0,deposit,98.53,1221.0
141,3,Savings,2391.9,261.0,deposit,98.53,1221.0
142,107,Savings,1377.35,879.0,deposit,443.67,30.0
143,108,Credit,856.98,587.0,deposit,168.12,723.0
144,51,,,,deposit,102.23,266.0
145,109,Credit,8482.27,858.0,deposit,240.81,265.0
145,109,Credit,8482.27,858.0,deposit,240.81,265.0
146,42,Checking,4797.54,818.0,deposit,105.76,1482.0
147,81,Checking,9925.68,125.0,deposit,142.73,503.0
148,110,Credit,2586.78,1161.0,deposit,346.25,594.0
149,28,Checking,9529.29,1223.0,withdrawal,125.33,1454.0
150,85,Checking,4723.64,1359.0,withdrawal,333.96,244.0
151,111,Savings,4200.08,1249.0,deposit,68.9,1122.0
152,51,,,,withdrawal,245.42,605.0
153,112,Credit,2355.97,1276.0,,,
154,112,Credit,2355.97,1276.0,withdrawal,408.34,1323.0
155,34,,,,deposit,144.21,1287.0
156,113,Checking,1547.22,540.0,,,
156,113,Checking,1547.22,540.0,,,
156,113,Checking,1547.22,540.0,,,
157,75,,,,withdrawal,390.13,1049.0
158,31,Savings,8380.64,694.0,deposit,90.2,1373.0
158,31,Savings,8380.64,694.0,deposit,90.2,1373.0
159,114,Checking,5816.22,1359.0,withdrawal,28.16,1174.0
160,115,Checking,4653.15,962.0,,,
161,116,,,,,,
161,116,,,,,,
161,116,,,,,,
162,107,Savings,1377.35,879.0,deposit,25.87,96.0
163,117,Savings,9716.41,989.0,deposit,21.89,851.0
163,117,Savings,9716.41,989.0,deposit,21.89,851.0
164,50,Checking,408.18,334.0,withdrawal,456.83,1408.0
165,49,Credit,9382.52,960.0,withdrawal,343.52,1071.0
166,48,Savings,2813.49,1370.0,withdrawal,446.81,1114.0
167,118,Checking,7423.6,309.0,withdrawal,28.79,488.0
168,119,Checking,5592.4,170.0,deposit,184.23,76.0
169,120,Savings,4650.84,743.0,withdrawal,479.09,2.0
169,120,Savings,4650.84,743.0,withdrawal,479.09,2.0
170,7,Savings,4492.62,244.0,withdrawal,352.98,631.0
171,46,Checking,2511.55,1150.0,deposit,287.92,47.0
172,51,,,,withdrawal,259.8,112.0
173,19,Checking,7676.38,512.0,withdrawal,259.35,1220.0
174,121,Checking,9224.91,428.0,deposit,405.6,1088.0
175,85,Checking,4723.64,1359.0,deposit,286.83,996.0
176,122,Credit,6517.51,973.0,deposit,322.43,1392.0
177,123,Savings,3346.13,1116.0,withdrawal,78.28,1057.0
178,78,Checking,2442.05,439.0,withdrawal,408.78,755.0
178,78,Checking,2442.05,439.0,withdrawal,408.78,755.0
179,84,,,,deposit,361.88,1299.0
180,67,Savings,5901.01,671.0,withdrawal,373.98,929.0
181,21,Checking,5164.29,978.0,withdrawal,410.85,1365.0
182,124,Savings,618.8,889.0,,,
183,18,Savings,4315.64,1195.0,deposit,226.41,342.0
184,125,,,,deposit,103.48,709.0
184,125,,,,deposit,103.48,709.0
184,125,,,,deposit,103.48,709.0
184,125,,,,deposit,103.48,709.0
184,125,,,,deposit,103.48,709.0
184,125,,,,deposit,103.48,709.0
185,40,,,,withdrawal,269.28,488.0
186,77,Credit,1327.94,1333.0,deposit,258.17,846.0
187,75,,,,deposit,181.72,890.0
188,102,Credit,369.92,948.0,withdrawal,224.65,610.0
188,102,Credit,369.92,948.0,withdrawal,224.65,610.0
188,102,Credit,369.92,948.0,withdrawal,224.65,610.0
189,126,Credit,4750.66,983.0,,,
189,126,Credit,4750.66,983.0,,,
190,127,Credit,3471.36,1471.0,,,
190,127,Credit,3471.36,1471.0,,,
191,128,,,,withdrawal,66.63,1310.0
191,128,,,,withdrawal,66.63,1310.0
192,129,Credit,6510.08,821.0,withdrawal,279.22,132.0
193,130,Credit,4382.28,507.0,withdrawal,401.65,912.0
194,41,Savings,1443.64,151.0,withdrawal,181.16,1043.0
194,41,Savings,1443.64,151.0,withdrawal,181.16,1043.0
194,41,Savings,1443.64,151.0,withdrawal,181.16,1043.0
195,122,Credit,6517.51,973.0,withdrawal,98.15,1237.0
196,131,Credit,8875.18,113.0,withdrawal,320.55,479.0
197,116,,,,withdrawal,30.89,574.0
197,116,,,,withdrawal,30.89,574.0
197,116,,,,withdrawal,30.89,574.0
198,110,Credit,2586.78,1161.0,,,
199,132,Checking,5238.53,163.0,,,
200,8,Credit,8439.15,310.0,deposit,176.63,832.0
201,133,Savings,1308.27,958.0,deposit,253.14,787.0
202,97,Checking,7244.31,466.0,withdrawal,47.27,438.0
203,134,,,,,,
203,134,,,,,,
204,72,,,,deposit,276.36,736.0
205,72,,,,withdrawal,412.97,995.0
206,45,Checking,2161.94,676.0,,,
206,45,Checking,2161.94,676.0,,,
206,45,Checking,2161.94,676.0,,,
207,132,Checking,5238.53,163.0,deposit,79.55,26.0
208,87,Credit,3020.06,327.0,deposit,35.23,151.0
208,87,Credit,3020.06,327.0,deposit,35.23,151.0
208,87,Credit,3020.06,327.0,deposit,35.23,151.0
209,3,Savings,2391.9,261.0,withdrawal,266.37,374.0
209,3,Savings,2391.9,261.0,withdrawal,266.37,374.0
209,3,Savings,2391.9,261.0,withdrawal,266.37,374.0
210,135,Credit,5566.77,789.0,deposit,63.76,578.0
210,135,Credit,5566.77,789.0,deposit,63.76,578.0
211,33,Checking,4000.76,1356.0,,,
211,33,Checking,4000.76,1356.0,,,
211,33,Checking,4000.76,1356.0,,,
212,136,Credit,2920.52,1439.0,,,
213,33,Checking,4000.76,1356.0,withdrawal,217.1,469.0
213,33,Checking,4000.76,1356.0,withdrawal,217.1,469.0
213,33,Checking,4000.76,1356.0,withdrawal,217.1,469.0
214,137,,,,withdrawal,312.66,276.0
214,137,,,,withdrawal,312.66,276.0
214,137,,,,withdrawal,312.66,276.0
215,34,,,,,,
216,108,Credit,856.98,587.0,deposit,407.5,143.0
217,24,Credit,444.6,671.0,deposit,421.38,168.0
217,24,Credit,444.6,671.0,deposit,421.38,168.0
217,24,Credit,444.6,671.0,deposit,421.38,168.0
217,24,Credit,444.6,671.0,deposit,421.38,168.0
218,96,Credit,6177.48,1446.0,deposit,204.48,1392.0
219,138,Checking,7104.71,1206.0,withdrawal,313.8,1109.0
219,138,Checking,7104.71,1206.0,withdrawal,313.8,1109.0
219,138,Checking,7104.71,1206.0,withdrawal,313.8,1109.0
220,98,Savings,7858.64,169.0,deposit,477.79,890.0
220,98,Savings,7858.64,169.0,deposit,477.79,890.0
220,98,Savings,7858.64,169.0,deposit,477.79,890.0
221,120,Savings,4650.84,743.0,deposit,425.4,1108.0
221,120,Savings,4650.84,743.0,deposit,425.4,1108.0
222,139,Credit,8339.92,1018.0,withdrawal,80.8,423.0
222,139,Credit,8339.92,1018.0,withdrawal,80.8,423.0
222,139,Credit,8339.92,1018.0,withdrawal,80.8,423.0
223,5,,,,withdrawal,341.31,16.0
224,64,Savings,3935.69,1215.0,deposit,322.46,1471.0
225,61,Savings,9573.53,614.0,withdrawal,306.9,285.0
226,90,Savings,723.3,366.0,,,
226,90,Savings,723.3,366.0,,,
227,97,Checking,7244.31,466.0,withdrawal,476.38,314.0
228,57,Savings,9139.78,1099.0,deposit,78.04,1244.0
229,135,Credit,5566.77,789.0,deposit,111.97,1328.0
229,135,Credit,5566.77,789.0,deposit,111.97,1328.0
230,18,Savings,4315.64,1195.0,withdrawal,352.55,843.0
231,115,Checking,4653.15,962.0,deposit,432.29,296.0
232,110,Credit,2586.78,1161.0,deposit,49.09,1017.0
233,27,Savings,7446.25,1398.0,deposit,64.83,348.0
234,47,Checking,9461.84,497.0,,,
235,108,Credit,856.98,587.0,deposit,122.48,616.0
236,80,,,,deposit,177.25,313.0
237,12,Checking,4532.51,982.0,withdrawal,266.18,11.0
238,140,Checking,9213.84,1171.0,deposit,118.19,651.0
238,140,Checking,9213.84,1171.0,deposit,118.19,651.0
238,140,Checking,9213.84,1171.0,deposit,118.19,651.0
239,141,,,,deposit,217.46,247.0
240,142,Checking,6560.6,883.0,deposit,77.54,1427.0
241,120,Savings,4650.84,743.0,withdrawal,399.36,829.0
241,120,Savings,4650.84,743.0,withdrawal,399.36,829.0
242,107,Savings,1377.35,879.0,withdrawal,180.71,540.0
243,143,Credit,646.6,264.0,withdrawal,164.47,1196.0
244,94,,,,,,
245,82,Savings,6248.9,1193.0,withdrawal,174.11,1162.0
245,82,Savings,6248.9,1193.0,withdrawal,174.11,1162.0
245,82,Savings,6248.9,1193.0,withdrawal,174.11,1162.0
246,135,Credit,5566.77,789.0,withdrawal,378.17,513.0
246,135,Credit,5566.77,789.0,withdrawal,378.17,513.0
247,49,Credit,9382.52,960.0,withdrawal,174.73,88.0
248,134,,,,deposit,477.95,1070.0
248,134,,,,deposit,477.95,1070.0
249,65,,,,,,
249,65,,,,,,
250,36,Checking,4765.84,781.0,withdrawal,85.33,1054.0
250,36,Checking,4765.84,781.0,withdrawal,85.33,1054.0
251,62,Checking,8922.24,1200.0,withdrawal,445.89,33.0
252,114,Checking,5816.22,1359.0,deposit,481.43,8.0
253,144,Checking,4814.99,1402.0,withdrawal,239.09,1209.0
253,144,Checking,4814.99,1402.0,withdrawal,239.09,1209.0
254,145,Credit,4250.13,263.0,deposit,269.26,1412.0
254,145,Credit,4250.13,263.0,deposit,269.26,1412.0
255,115,Checking,4653.15,962.0,withdrawal,460.21,248.0
256,73,Checking,8090.41,433.0,withdrawal,172.12,1146.0
256,73,Checking,8090.41,433.0,withdrawal,172.12,1146.0
257,96,Credit,6177.48,1446.0,withdrawal,243.54,1380.0
258,146,Checking,9908.2,931.0,deposit,454.61,810.0
259,20,,,,deposit,161.07,1117.0
260,13,Checking,2448.6,1039.0,deposit,365.0,1271.0
260,13,Checking,2448.6,1039.0,deposit,365.0,1271.0
260,13,Checking,2448.6,1039.0,deposit,365.0,1271.0
261,110,Credit,2586.78,1161.0,withdrawal,88.95,1050.0
262,41,Savings,1443.64,151.0,deposit,411.8,775.0
262,41,Savings,1443.64,151.0,deposit,411.8,775.0
262,41,Savings,1443.64,151.0,deposit,411.8,775.0
263,57,Savings,9139.78,1099.0,deposit,170.94,30.0
264,147,Savings,2470.66,280.0,deposit,69.89,106.0
265,1,,,,deposit,26.87,1467.0
266,148,Checking,6389.31,484.0,deposit,299.31,365.0
267,149,Checking,2099.71,681.0,,,
268,150,Credit,1432.24,1147.0,withdrawal,162.0,432.0
268,150,Credit,1432.24,1147.0,withdrawal,162.0,432.0
268,150,Credit,1432.24,1147.0,withdrawal,162.0,432.0
269,25,Savings,8330.83,1484.0,deposit,151.28,1452.0
269,25,Savings,8330.83,1484.0,deposit,151.28,1452.0
269,25,Savings,8330.83,1484.0,deposit,151.28,1452.0
270,91,Credit,5498.05,1176.0,withdrawal,300.94,869.0
271,145,Credit,4250.13,263.0,withdrawal,380.93,861.0
271,145,Credit,4250.13,263.0,withdrawal,380.93,861.0
272,80,,,,withdrawal,413.78,118.0
273,93,Checking,7800.33,1356.0,withdrawal,23.87,139.0
273,93,Checking,7800.33,1356.0,withdrawal,23.87,139.0
273,93,Checking,7800.33,1356.0,withdrawal,23.87,139.0
274,76,Savings,9418.14,392.0,withdrawal,241.7,651.0
275,53,Credit,5981.73,160.0,withdrawal,25.71,830.0
276,34,,,,withdrawal,307.91,1232.0
277,8,Credit,8439.15,310.0,deposit,392.1,1083.0
278,144,Checking,4814.99,1402.0,,,
278,144,Checking,4814.99,1402.0,,,
279,45,Checking,2161.94,676.0,deposit,346.83,1280.0
279,45,Checking,2161.94,676.0,deposit,346.83,1280.0
279,45,Checking,2161.94,676.0,deposit,346.83,1280.0
280,151,Savings,3485.52,772.0,deposit,111.3,1324.0
281,149,Checking,2099.71,681.0,withdrawal,72.82,1499.0
282,73,Checking,8090.41,433.0,withdrawal,383.12,270.0
282,73,Checking,8090.41,433.0,withdrawal,383.12,270.0
283,106,Savings,5071.66,578.0,deposit,345.01,1287.0
284,148,Checking,6389.31,484.0,withdrawal,423.27,385.0
285,147,Savings,2470.66,280.0,deposit,438.4,1267.0
286,84,,,,withdrawal,480.48,532.0
287,54,,,,deposit,34.64,68.0
288,65,,,,withdrawal,130.01,1248.0
288,65,,,,withdrawal,130.01,1248.0
289,72,,,,withdrawal,243.07,1289.0
290,34,,,,deposit,61.85,410.0
291,126,Credit,4750.66,983.0,withdrawal,185.4,575.0
291,126,Credit,4750.66,983.0,withdrawal,185.4,575.0
292,54,,,,deposit,201.65,451.0
293,67,Savings,5901.01,671.0,withdrawal,420.1,591.0
294,19,Checking,7676.38,512.0,withdrawal,155.91,1315.0
295,152,Checking,1958.76,1359.0,deposit,100.03,1256.0
295,152,Checking,1958.76,1359.0,deposit,100.03,1256.0
295,152,Checking,1958.76,1359.0,deposit,100.03,1256.0
296,153,Checking,5674.38,226.0,,,
296,153,Checking,5674.38,226.0,,,
296,153,Checking,5674.38,226.0,,,
297,102,Credit,369.92,948.0,withdrawal,151.77,609.0
297,102,Credit,369.92,948.0,withdrawal,151.77,609.0
297,102,Credit,369.92,948.0,withdrawal,151.77,609.0
298,67,Savings,5901.01,671.0,deposit,419.84,1162.0
299,114,Checking,5816.22,1359.0,deposit,185.11,304.0
300,84,,,,withdrawal,194.92,1399.0
301,120,Savings,4650.84,743.0,deposit,63.04,1076.0
301,120,Savings,4650.84,743.0,deposit,63.04,1076.0
302,82,Savings,6248.9,1193.0,withdrawal,229.83,1091.0
302,82,Savings,6248.9,1193.0,withdrawal,229.83,1091.0
302,82,Savings,6248.9,1193.0,withdrawal,229.83,1091.0
303,154,Checking,5272.84,813.0,withdrawal,437.18,583.0
304,82,Savings,6248.9,1193.0,withdrawal,388.07,1210.0
304,82,Savings,6248.9,1193.0,withdrawal,388.07,1210.0
304,82,Savings,6248.9,1193.0,withdrawal,388.07,1210.0
305,145,Credit,4250.13,263.0,,,
305,145,Credit,4250.13,263.0,,,
306,155,,,,withdrawal,316.43,661.0
307,156,Checking,6267.88,1.0,,,
308,70,Credit,6992.14,798.0,withdrawal,436.38,1132.0
309,66,Checking,9829.08,880.0,,,
309,66,Checking,9829.08,880.0,,,
310,111,Savings,4200.08,1249.0,deposit,463.22,730.0
311,145,Credit,4250.13,263.0,withdrawal,422.89,209.0
311,145,Credit,4250.13,263.0,withdrawal,422.89,209.0
312,136,Credit,2920.52,1439.0,,,
313,81,Checking,9925.68,125.0,deposit,161.43,1148.0
314,157,Savings,8124.79,414.0,withdrawal,275.86,1311.0
314,157,Savings,8124.79,414.0,withdrawal,275.86,1311.0
314,157,Savings,8124.79,414.0,withdrawal,275.86,1311.0
315,149,Checking,2099.71,681.0,deposit,296.78,869.0
316,31,Savings,8380.64,694.0,,,
316,31,Savings,8380.64,694.0,,,
317,56,Credit,8471.16,614.0,withdrawal,146.72,727.0
318,144,Checking,4814.99,1402.0,withdrawal,93.05,383.0
318,144,Checking,4814.99,1402.0,withdrawal,93.05,383.0
319,93,Checking,7800.33,1356.0,,,
319,93,Checking,7800.33,1356.0,,,
319,93,Checking,7800.33,1356.0,,,
320,158,,,,deposit,425.53,858.0
320,158,,,,deposit,425.53,858.0
321,124,Savings,618.8,889.0,withdrawal,202.62,1468.0
322,105,,,,deposit,239.03,723.0
323,24,Credit,444.6,671.0,withdrawal,316.0,173.0
323,24,Credit,444.6,671.0,withdrawal,316.0,173.0
323,24,Credit,444.6,671.0,withdrawal,316.0,173.0
323,24,Credit,444.6,671.0,withdrawal,316.0,173.0
324,26,Savings,8648.97,887.0,deposit,397.33,15.0
324,26,Savings,8648.97,887.0,deposit,397.33,15.0
325,75,,,,withdrawal,177.82,230.0
326,86,Savings,479.11,117.0,withdrawal,288.33,969.0
327,86,Savings,479.11,117.0,withdrawal,474.14,178.0
328,129,Credit,6510.08,821.0,withdrawal,123.46,557.0
329,92,Savings,3181.09,893.0,deposit,321.25,403.0
329,92,Savings,3181.09,893.0,deposit,321.25,403.0
330,90,Savings,723.3,366.0,,,
330,90,Savings,723.3,366.0,,,
331,42,Checking,4797.54,818.0,deposit,396.48,29.0
332,36,Checking,4765.84,781.0,withdrawal,184.27,342.0
332,36,Checking,4765.84,781.0,withdrawal,184.27,342.0
333,55,Checking,5108.1,1262.0,withdrawal,109.91,14.0
334,4,Credit,7880.53,1322.0,withdrawal,356.6,931.0
334,4,Credit,7880.53,1322.0,withdrawal,356.6,931.0
335,132,Checking,5238.53,163.0,,,
336,7,Savings,4492.62,244.0,withdrawal,128.3,152.0
337,50,Checking,408.18,334.0,withdrawal,320.2,1012.0
338,120,Savings,4650.84,743.0,deposit,275.7,1293.0
338,120,Savings,4650.84,743.0,deposit,275.7,1293.0
339,111,Savings,4200.08,1249.0,withdrawal,174.1,1273.0
340,45,Checking,2161.94,676.0,,,
340,45,Checking,2161.94,676.0,,,
340,45,Checking,2161.94,676.0,,,
341,159,Checking,7987.97,243.0,,,
341,159,Checking,7987.97,243.0,,,
341,159,Checking,7987.97,243.0,,,
342,124,Savings,618.8,889.0,withdrawal,487.49,1292.0
343,135,Credit,5566.77,789.0,deposit,406.15,1008.0
343,135,Credit,5566.77,789.0,deposit,406.15,1008.0
344,129,Credit,6510.08,821.0,,,
345,160,Credit,7658.87,700.0,,,
345,160,Credit,7658.87,700.0,,,
346,101,Savings,1388.48,136.0,deposit,461.82,243.0
347,161,Credit,7481.3,372.0,withdrawal,345.59,199.0
347,161,Credit,7481.3,372.0,withdrawal,345.59,199.0
347,161,Credit,7481.3,372.0,withdrawal,345.59,199.0
348,3,Savings,2391.9,261.0,deposit,193.47,729.0
348,3,Savings,2391.9,261.0,deposit,193.47,729.0
348,3,Savings,2391.9,261.0,deposit,193.47,729.0
349,135,Credit,5566.77,789.0,withdrawal,229.41,403.0
349,135,Credit,5566.77,789.0,withdrawal,229.41,403.0
350,105,,,,withdrawal,359.82,1134.0
351,137,,,,deposit,456.38,454.0
351,137,,,,deposit,456.38,454.0
351,137,,,,deposit,456.38,454.0
352,162,,,,deposit,295.71,134.0
353,117,Savings,9716.41,989.0,,,
353,117,Savings,9716.41,989.0,,,
354,160,Credit,7658.87,700.0,,,
354,160,Credit,7658.87,700.0,,,
355,6,Savings,947.43,857.0,deposit,133.73,169.0
356,53,Credit,5981.73,160.0,,,
357,38,Checking,3099.96,1221.0,,,
358,163,,,,,,
359,164,Savings,2344.76,383.0,deposit,375.24,164.0
359,164,Savings,2344.76,383.0,deposit,375.24,164.0
359,164,Savings,2344.76,383.0,deposit,375.24,164.0
360,112,Credit,2355.97,1276.0,deposit,35.57,417.0
361,135,Credit,5566.77,789.0,deposit,254.0,638.0
361,135,Credit,5566.77,789.0,deposit,254.0,638.0
362,6,Savings,947.43,857.0,withdrawal,224.95,56.0
363,165,Checking,6463.29,1376.0,withdrawal,22.8,539.0
363,165,Checking,6463.29,1376.0,withdrawal,22.8,539.0
363,165,Checking,6463.29,1376.0,withdrawal,22.8,539.0
364,48,Savings,2813.49,1370.0,,,
365,144,Checking,4814.99,1402.0,deposit,406.71,401.0
365,144,Checking,4814.99,1402.0,deposit,406.71,401.0
366,20,,,,withdrawal,305.31,163.0
367,21,Checking,5164.29,978.0,deposit,263.58,764.0
368,74,Credit,477.03,83.0,deposit,23.07,1261.0
368,74,Credit,477.03,83.0,deposit,23.07,1261.0
369,121,Checking,9224.91,428.0,deposit,271.41,510.0
370,166,Credit,4772.63,876.0,,,
371,165,Checking,6463.29,1376.0,deposit,232.37,270.0
371,165,Checking,6463.29,1376.0,deposit,232.37,270.0
371,165,Checking,6463.29,1376.0,deposit,232.37,270.0
372,160,Credit,7658.87,700.0,withdrawal,468.14,1321.0
372,160,Credit,7658.87,700.0,withdrawal,468.14,1321.0
373,5,,,,deposit,430.09,930.0
374,167,,,,,,
375,153,Checking,5674.38,226.0,withdrawal,303.86,432.0
375,153,Checking,5674.38,226.0,withdrawal,303.86,432.0
375,153,Checking,5674.38,226.0,withdrawal,303.86,432.0
376,19,Checking,7676.38,512.0,withdrawal,326.82,381.0
377,14,Savings,9772.03,212.0,withdrawal,416.18,1275.0
378,149,Checking,2099.71,681.0,deposit,330.62,320.0
379,145,Credit,4250.13,263.0,,,
379,145,Credit,4250.13,263.0,,,
380,168,Checking,7988.05,301.0,deposit,225.28,976.0
380,168,Checking,7988.05,301.0,deposit,225.28,976.0
381,30,Checking,4880.23,274.0,deposit,393.97,867.0
382,34,,,,withdrawal,300.97,1423.0
383,18,Savings,4315.64,1195.0,withdrawal,84.42,347.0
384,33,Checking,4000.76,1356.0,,,
384,33,Checking,4000.76,1356.0,,,
384,33,Checking,4000.76,1356.0,,,
385,36,Checking,4765.84,781.0,withdrawal,334.48,1458.0
385,36,Checking,4765.84,781.0,withdrawal,334.48,1458.0
386,79,Checking,439.38,133.0,withdrawal,332.85,249.0
386,79,Checking,439.38,133.0,withdrawal,332.85,249.0
386,79,Checking,439.38,133.0,withdrawal,332.85,249.0
386,79,Checking,439.38,133.0,withdrawal,332.85,249.0
386,79,Checking,439.38,133.0,withdrawal,332.85,249.0
387,61,Savings,9573.53,614.0,deposit,389.89,1361.0
388,78,Checking,2442.05,439.0,,,
388,78,Checking,2442.05,439.0,,,
389,145,Credit,4250.13,263.0,withdrawal,48.36,1233.0
389,145,Credit,4250.13,263.0,withdrawal,48.36,1233.0
390,8,Credit,8439.15,310.0,deposit,460.77,167.0
391,24,Credit,444.6,671.0,withdrawal,288.83,385.0
391,24,Credit,444.6,671.0,withdrawal,288.83,385.0
391,24,Credit,444.6,671.0,withdrawal,288.83,385.0
391,24,Credit,444.6,671.0,withdrawal,288.83,385.0
392,119,Checking,5592.4,170.0,withdrawal,169.59,95.0
393,169,Checking,8090.98,73.0,withdrawal,483.56,969.0
394,34,,,,deposit,400.2,1459.0
395,6,Savings,947.43,857.0,,,
396,33,Checking,4000.76,1356.0,withdrawal,251.96,372.0
396,33,Checking,4000.76,1356.0,withdrawal,251.96,372.0
396,33,Checking,4000.76,1356.0,withdrawal,251.96,372.0
397,115,Checking,4653.15,962.0,,,
398,170,Checking,8915.18,899.0,withdrawal,82.62,813.0
399,55,Checking,5108.1,1262.0,deposit,46.84,582.0
400,169,Checking,8090.98,73.0,deposit,144.38,941.0
401,42,Checking,4797.54,818.0,,,
402,141,,,,withdrawal,75.9,30.0
403,34,,,,deposit,334.44,284.0
404,98,Savings,7858.64,169.0,,,
404,98,Savings,7858.64,169.0,,,
404,98,Savings,7858.64,169.0,,,
405,94,,,,deposit,90.96,687.0
406,74,Credit,477.03,83.0,deposit,259.24,672.0
406,74,Credit,477.03,83.0,deposit,259.24,672.0
407,159,Checking,7987.97,243.0,withdrawal,141.26,849.0
407,159,Checking,7987.97,243.0,withdrawal,141.26,849.0
407,159,Checking,7987.97,243.0,withdrawal,141.26,849.0
408,109,Credit,8482.27,858.0,,,
408,109,Credit,8482.27,858.0,,,
409,171,Savings,6495.7,1136.0,deposit,173.43,154.0
409,171,Savings,6495.7,1136.0,deposit,173.43,154.0
409,171,Savings,6495.7,1136.0,deposit,173.43,154.0
410,115,Checking,4653.15,962.0,,,
411,104,Checking,6792.0,799.0,withdrawal,175.83,849.0
412,52,Savings,5779.42,226.0,deposit,149.3,507.0
413,59,,,,deposit,273.78,118.0
414,45,Checking,2161.94,676.0,withdrawal,213.23,930.0
414,45,Checking,2161.94,676.0,withdrawal,213.23,930.0
414,45,Checking,2161.94,676.0,withdrawal,213.23,930.0
415,171,Savings,6495.7,1136.0,withdrawal,349.89,1349.0
415,171,Savings,6495.7,1136.0,withdrawal,349.89,1349.0
415,171,Savings,6495.7,1136.0,withdrawal,349.89,1349.0
416,43,,,,withdrawal,49.75,13.0
417,130,Credit,4382.28,507.0,deposit,480.38,975.0
418,107,Savings,1377.35,879.0,withdrawal,319.03,692.0
419,154,Checking,5272.84,813.0,deposit,404.93,385.0
420,116,,,,,,
420,116,,,,,,
420,116,,,,,,
421,156,Checking,6267.88,1.0,,,
422,71,Checking,660.41,1482.0,deposit,207.53,480.0
422,71,Checking,660.41,1482.0,deposit,207.53,480.0
422,71,Checking,660.41,1482.0,deposit,207.53,480.0
423,79,Checking,439.38,133.0,withdrawal,39.69,1374.0
423,79,Checking,439.38,133.0,withdrawal,39.69,1374.0
423,79,Checking,439.38,133.0,withdrawal,39.69,1374.0
423,79,Checking,439.38,133.0,withdrawal,39.69,1374.0
423,79,Checking,439.38,133.0,withdrawal,39.69,1374.0
424,121,Checking,9224.91,428.0,withdrawal,328.36,1429.0
425,134,,,,withdrawal,389.75,131.0
425,134,,,,withdrawal,389.75,131.0
426,19,Checking,7676.38,512.0,deposit,294.51,1294.0
427,111,Savings,4200.08,1249.0,deposit,97.28,600.0
428,49,Credit,9382.52,960.0,deposit,359.38,1149.0
429,172,Checking,5627.79,425.0,deposit,352.67,1205.0
429,172,Checking,5627.79,425.0,deposit,352.67,1205.0
429,172,Checking,5627.79,425.0,deposit,352.67,1205.0
430,17,Savings,8268.0,375.0,deposit,252.03,1440.0
431,173,Checking,5688.51,244.0,deposit,87.19,1198.0
432,91,Credit,5498.05,1176.0,withdrawal,336.68,1162.0
433,174,Savings,4797.86,499.0,withdrawal,117.2,34.0
434,175,Checking,1099.34,39.0,,,
435,128,,,,deposit,269.72,792.0
435,128,,,,deposit,269.72,792.0
436,145,Credit,4250.13,263.0,withdrawal,394.14,694.0
436,145,Credit,4250.13,263.0,withdrawal,394.14,694.0
437,166,Credit,4772.63,876.0,,,
438,171,Savings,6495.7,1136.0,deposit,348.35,735.0
438,171,Savings,6495.7,1136.0,deposit,348.35,735.0
438,171,Savings,6495.7,1136.0,deposit,348.35,735.0
439,32,,,,,,
439,32,,,,,,
440,17,Savings,8268.0,375.0,deposit,345.24,1027.0
441,49,Credit,9382.52,960.0,withdrawal,96.95,910.0
442,58,Checking,485.78,339.0,withdrawal,386.17,565.0
443,176,Credit,5388.75,222.0,deposit,363.68,1143.0
444,136,Credit,2920.52,1439.0,deposit,49.79,1054.0
445,48,Savings,2813.49,1370.0,withdrawal,305.06,1417.0
446,120,Savings,4650.84,743.0,deposit,82.96,793.0
446,120,Savings,4650.84,743.0,deposit,82.96,793.0
447,99,Credit,7306.58,579.0,deposit,268.32,1470.0
447,99,Credit,7306.58,579.0,deposit,268.32,1470.0
448,64,Savings,3935.69,1215.0,deposit,256.19,1458.0
449,85,Checking,4723.64,1359.0,withdrawal,94.04,521.0
450,141,,,,,,
451,95,Credit,8536.16,691.0,withdrawal,206.23,41.0
451,95,Credit,8536.16,691.0,withdrawal,206.23,41.0
451,95,Credit,8536.16,691.0,withdrawal,206.23,41.0
451,95,Credit,8536.16,691.0,withdrawal,206.23,41.0
452,134,,,,deposit,365.32,535.0
452,134,,,,deposit,365.32,535.0
453,128,,,,withdrawal,402.94,854.0
453,128,,,,withdrawal,402.94,854.0
454,146,Checking,9908.2,931.0,deposit,272.3,1315.0
455,146,Checking,9908.2,931.0,,,
456,133,Savings,1308.27,958.0,withdrawal,53.41,1466.0
457,37,Checking,6400.46,447.0,withdrawal,268.05,103.0
458,41,Savings,1443.64,151.0,withdrawal,56.55,1265.0
458,41,Savings,1443.64,151.0,withdrawal,56.55,1265.0
458,41,Savings,1443.64,151.0,withdrawal,56.55,1265.0
459,109,Credit,8482.27,858.0,,,
459,109,Credit,8482.27,858.0,,,
460,96,Credit,6177.48,1446.0,,,
461,105,,,,deposit,39.96,1096.0
462,42,Checking,4797.54,818.0,deposit,134.8,446.0
463,41,Savings,1443.64,151.0,deposit,271.95,293.0
463,41,Savings,1443.64,151.0,deposit,271.95,293.0
463,41,Savings,1443.64,151.0,deposit,271.95,293.0
464,166,Credit,4772.63,876.0,deposit,166.03,823.0
465,2,,,,withdrawal,461.82,1063.0
465,2,,,,withdrawal,461.82,1063.0
465,2,,,,withdrawal,461.82,1063.0
465,2,,,,withdrawal,461.82,1063.0
466,76,Savings,9418.14,392.0,withdrawal,409.38,1106.0
467,121,Checking,9224.91,428.0,,,
468,36,Checking,4765.84,781.0,withdrawal,447.32,342.0
468,36,Checking,4765.84,781.0,withdrawal,447.32,342.0
469,38,Checking,3099.96,1221.0,deposit,29.91,106.0
470,123,Savings,3346.13,1116.0,withdrawal,280.67,51.0
471,81,Checking,9925.68,125.0,withdrawal,60.95,5.0
472,156,Checking,6267.88,1.0,deposit,330.14,700.0
473,33,Checking,4000.76,1356.0,withdrawal,338.91,137.0
473,33,Checking,4000.76,1356.0,withdrawal,338.91,137.0
473,33,Checking,4000.76,1356.0,withdrawal,338.91,137.0
474,134,,,,,,
474,134,,,,,,
475,170,Checking,8915.18,899.0,deposit,221.71,1359.0
476,89,Savings,4556.78,509.0,deposit,227.09,913.0
477,93,Checking,7800.33,1356.0,withdrawal,98.26,1214.0
477,93,Checking,7800.33,1356.0,withdrawal,98.26,1214.0
477,93,Checking,7800.33,1356.0,withdrawal,98.26,1214.0
478,177,Checking,4690.68,1384.0,deposit,69.6,810.0
479,164,Savings,2344.76,383.0,deposit,116.7,576.0
479,164,Savings,2344.76,383.0,deposit,116.7,576.0
479,164,Savings,2344.76,383.0,deposit,116.7,576.0
480,165,Checking,6463.29,1376.0,,,
480,165,Checking,6463.29,1376.0,,,
480,165,Checking,6463.29,1376.0,,,
481,55,Checking,5108.1,1262.0,,,
482,124,Savings,618.8,889.0,withdrawal,394.32,166.0
483,17,Savings,8268.0,375.0,withdrawal,337.16,832.0
484,136,Credit,2920.52,1439.0,withdrawal,482.81,1378.0
485,8,Credit,8439.15,310.0,deposit,186.9,524.0
486,178,Checking,9847.69,1035.0,withdrawal,289.72,285.0
486,178,Checking,9847.69,1035.0,withdrawal,289.72,285.0
487,153,Checking,5674.38,226.0,withdrawal,352.65,1167.0
487,153,Checking,5674.38,226.0,withdrawal,352.65,1167.0
487,153,Checking,5674.38,226.0,withdrawal,352.65,1167.0
488,118,Checking,7423.6,309.0,deposit,221.66,878.0
489,179,,,,deposit,224.21,276.0
490,163,,,,deposit,359.29,553.0
491,76,Savings,9418.14,392.0,deposit,100.25,928.0
492,173,Checking,5688.51,244.0,deposit,451.04,897.0
493,170,Checking,8915.18,899.0,withdrawal,330.1,613.0
494,180,Savings,2901.49,1103.0,deposit,382.19,942.0
495,181,Credit,2299.16,1429.0,deposit,157.69,671.0
496,135,Credit,5566.77,789.0,withdrawal,499.74,52.0
496,135,Credit,5566.77,789.0,withdrawal,499.74,52.0
497,67,Savings,5901.01,671.0,deposit,147.12,719.0
498,94,,,,withdrawal,29.67,410.0
499,58,Checking,485.78,339.0,deposit,421.41,1115.0
500,182,Credit,4170.83,330.0,,,
501,183,,,,deposit,318.2,206.0
502,78,Checking,2442.05,439.0,deposit,180.25,175.0
502,78,Checking,2442.05,439.0,deposit,180.25,175.0
503,89,Savings,4556.78,509.0,withdrawal,200.51,857.0
504,137,,,,,,
504,137,,,,,,
504,137,,,,,,
505,75,,,,,,
506,51,,,,withdrawal,207.57,832.0
507,67,Savings,5901.01,671.0,withdrawal,447.55,828.0
508,105,,,,withdrawal,286.73,115.0
509,145,Credit,4250.13,263.0,deposit,365.94,525.0
509,145,Credit,4250.13,263.0,deposit,365.94,525.0
510,53,Credit,5981.73,160.0,withdrawal,111.06,945.0
511,42,Checking,4797.54,818.0,,,
512,154,Checking,5272.84,813.0,withdrawal,108.9,370.0
513,150,Credit,1432.24,1147.0,withdrawal,256.33,887.0
513,150,Credit,1432.24,1147.0,withdrawal,256.33,887.0
513,150,Credit,1432.24,1147.0,withdrawal,256.33,887.0
514,184,Savings,4678.03,219.0,,,
515,19,Checking,7676.38,512.0,deposit,447.2,780.0
516,85,Checking,4723.64,1359.0,,,
517,146,Checking,9908.2,931.0,deposit,447.89,1121.0
518,3,Savings,2391.9,261.0,deposit,110.55,1497.0
518,3,Savings,2391.9,261.0,deposit,110.55,1497.0
518,3,Savings,2391.9,261.0,deposit,110.55,1497.0
519,158,,,,withdrawal,386.76,975.0
519,158,,,,withdrawal,386.76,975.0
520,88,,,,,,
520,88,,,,,,
521,176,Credit,5388.75,222.0,withdrawal,84.98,84.0
522,80,,,,deposit,316.92,1478.0
523,66,Checking,9829.08,880.0,deposit,331.85,1092.0
523,66,Checking,9829.08,880.0,deposit,331.85,1092.0
524,170,Checking,8915.18,899.0,deposit,198.58,457.0
525,80,,,,withdrawal,361.25,331.0
526,7,Savings,4492.62,244.0,withdrawal,296.02,564.0
527,149,Checking,2099.71,681.0,withdrawal,473.48,1362.0
528,99,Credit,7306.58,579.0,withdrawal,414.79,1131.0
528,99,Credit,7306.58,579.0,withdrawal,414.79,1131.0
529,54,,,,deposit,399.56,1022.0
530,106,Savings,5071.66,578.0,,,
531,180,Savings,2901.49,1103.0,deposit,417.56,1379.0
532,94,,,,withdrawal,266.32,174.0
533,84,,,,withdrawal,348.23,1262.0
534,10,,,,deposit,104.22,27.0
535,161,Credit,7481.3,372.0,deposit,212.75,397.0
535,161,Credit,7481.3,372.0,deposit,212.75,397.0
535,161,Credit,7481.3,372.0,deposit,212.75,397.0
536,21,Checking,5164.29,978.0,withdrawal,350.94,869.0
537,18,Savings,4315.64,1195.0,,,
538,71,Checking,660.41,1482.0,deposit,391.2,412.0
538,71,Checking,660.41,1482.0,deposit,391.2,412.0
538,71,Checking,660.41,1482.0,deposit,391.2,412.0
539,139,Credit,8339.92,1018.0,,,
539,139,Credit,8339.92,1018.0,,,
539,139,Credit,8339.92,1018.0,,,
540,14,Savings,9772.03,212.0,withdrawal,218.65,37.0
541,49,Credit,9382.52,960.0,,,
542,138,Checking,7104.71,1206.0,deposit,56.06,1281.0
542,138,Checking,7104.71,1206.0,deposit,56.06,1281.0
542,138,Checking,7104.71,1206.0,deposit,56.06,1281.0
543,147,Savings,2470.66,280.0,,,
544,11,Checking,3721.97,1029.0,withdrawal,257.96,238.0
544,11,Checking,3721.97,1029.0,withdrawal,257.96,238.0
544,11,Checking,3721.97,1029.0,withdrawal,257.96,238.0
545,75,,,,withdrawal,425.28,1141.0
546,58,Checking,485.78,339.0,withdrawal,371.31,1143.0
547,174,Savings,4797.86,499.0,withdrawal,327.44,683.0
548,156,Checking,6267.88,1.0,withdrawal,60.05,775.0
549,185,Credit,2531.32,792.0,withdrawal,478.11,1339.0
549,185,Credit,2531.32,792.0,withdrawal,478.11,1339.0
549,185,Credit,2531.32,792.0,withdrawal,478.11,1339.0
550,20,,,,withdrawal,439.76,371.0
551,186,Savings,868.01,1097.0,withdrawal,465.86,418.0
552,180,Savings,2901.49,1103.0,deposit,472.21,308.0
553,187,Credit,569.99,890.0,withdrawal,140.99,1419.0
554,169,Checking,8090.98,73.0,deposit,194.16,1163.0
555,81,Checking,9925.68,125.0,withdrawal,243.5,1203.0
556,131,Credit,8875.18,113.0,deposit,481.86,797.0
557,120,Savings,4650.84,743.0,,,
557,120,Savings,4650.84,743.0,,,
558,26,Savings,8648.97,887.0,withdrawal,109.41,816.0
558,26,Savings,8648.97,887.0,withdrawal,109.41,816.0
559,57,Savings,9139.78,1099.0,deposit,178.26,1227.0
560,184,Savings,4678.03,219.0,withdrawal,323.57,95.0
561,41,Savings,1443.64,151.0,,,
561,41,Savings,1443.64,151.0,,,
561,41,Savings,1443.64,151.0,,,
562,81,Checking,9925.68,125.0,,,
563,188,,,,,,
564,12,Checking,4532.51,982.0,,,
565,48,Savings,2813.49,1370.0,deposit,482.11,194.0
566,132,Checking,5238.53,163.0,withdrawal,426.9,144.0
567,89,Savings,4556.78,509.0,deposit,175.91,1378.0
568,86,Savings,479.11,117.0,deposit,63.97,836.0
569,13,Checking,2448.6,1039.0,withdrawal,429.33,1141.0
569,13,Checking,2448.6,1039.0,withdrawal,429.33,1141.0
569,13,Checking,2448.6,1039.0,withdrawal,429.33,1141.0
570,18,Savings,4315.64,1195.0,,,
571,183,,,,deposit,175.14,319.0
572,51,,,,deposit,78.41,880.0
573,156,Checking,6267.88,1.0,,,
574,160,Credit,7658.87,700.0,,,
574,160,Credit,7658.87,700.0,,,
575,37,Checking,6400.46,447.0,withdrawal,280.85,1367.0
576,169,Checking,8090.98,73.0,withdrawal,196.15,395.0
577,37,Checking,6400.46,447.0,withdrawal,60.08,1298.0
578,51,,,,deposit,63.66,86.0
579,68,,,,withdrawal,30.08,502.0
580,189,Savings,5933.37,676.0,deposit,123.56,231.0
581,72,,,,,,
582,10,,,,withdrawal,413.83,943.0
583,124,Savings,618.8,889.0,withdrawal,343.51,1279.0
584,100,Checking,2767.61,305.0,withdrawal,143.18,693.0
585,119,Checking,5592.4,170.0,,,
586,48,Savings,2813.49,1370.0,deposit,397.94,318.0
587,60,Savings,3999.07,285.0,,,
588,20,,,,withdrawal,487.96,171.0
589,190,Checking,4796.91,1415.0,deposit,420.75,1042.0
589,190,Checking,4796.91,1415.0,deposit,420.75,1042.0
589,190,Checking,4796.91,1415.0,deposit,420.75,1042.0
590,124,Savings,618.8,889.0,withdrawal,155.67,198.0
591,132,Checking,5238.53,163.0,deposit,460.51,918.0
592,187,Credit,569.99,890.0,deposit,202.06,270.0
593,5,,,,,,
594,136,Credit,2920.52,1439.0,deposit,346.16,1268.0
595,14,Savings,9772.03,212.0,deposit,336.35,754.0
596,154,Checking,5272.84,813.0,,,
597,93,Checking,7800.33,1356.0,deposit,306.87,846.0
597,93,Checking,7800.33,1356.0,deposit,306.87,846.0
597,93,Checking,7800.33,1356.0,deposit,306.87,846.0
598,83,,,,,,
599,80,,,,deposit,440.25,518.0
600,44,,,,deposit,305.68,960.0
601,153,Checking,5674.38,226.0,deposit,270.43,999.0
601,153,Checking,5674.38,226.0,deposit,270.43,999.0
601,153,Checking,5674.38,226.0,deposit,270.43,999.0
602,2,,,,withdrawal,243.29,71.0
602,2,,,,withdrawal,243.29,71.0
602,2,,,,withdrawal,243.29,71.0
602,2,,,,withdrawal,243.29,71.0
603,154,Checking,5272.84,813.0,deposit,447.97,992.0
604,159,Checking,7987.97,243.0,,,
604,159,Checking,7987.97,243.0,,,
604,159,Checking,7987.97,243.0,,,
605,32,,,,withdrawal,213.02,278.0
605,32,,,,withdrawal,213.02,278.0
606,15,Savings,4846.99,602.0,withdrawal,149.04,622.0
607,128,,,,deposit,220.23,610.0
607,128,,,,deposit,220.23,610.0
608,62,Checking,8922.24,1200.0,withdrawal,163.08,248.0
609,191,Savings,3081.66,689.0,deposit,229.77,1153.0
609,191,Savings,3081.66,689.0,deposit,229.77,1153.0
609,191,Savings,3081.66,689.0,deposit,229.77,1153.0
610,7,Savings,4492.62,244.0,withdrawal,264.1,109.0
611,192,Checking,3158.88,1378.0,deposit,344.12,1274.0
612,8,Credit,8439.15,310.0,deposit,81.21,1108.0
613,51,,,,deposit,152.49,354.0
614,15,Savings,4846.99,602.0,deposit,296.87,278.0
615,54,,,,,,
616,6,Savings,947.43,857.0,,,
617,52,Savings,5779.42,226.0,withdrawal,417.49,1233.0
618,60,Savings,3999.07,285.0,deposit,164.26,1294.0
619,108,Credit,856.98,587.0,,,
620,40,,,,deposit,382.29,1012.0
621,122,Credit,6517.51,973.0,withdrawal,431.9,154.0
622,147,Savings,2470.66,280.0,withdrawal,314.26,159.0
623,159,Checking,7987.97,243.0,withdrawal,436.82,1189.0
623,159,Checking,7987.97,243.0,withdrawal,436.82,1189.0
623,159,Checking,7987.97,243.0,withdrawal,436.82,1189.0
624,43,,,,withdrawal,400.98,409.0
625,126,Credit,4750.66,983.0,withdrawal,147.84,1065.0
625,126,Credit,4750.66,983.0,withdrawal,147.84,1065.0
626,115,Checking,4653.15,962.0,withdrawal,375.34,81.0
627,97,Checking,7244.31,466.0,deposit,99.94,442.0
628,148,Checking,6389.31,484.0,withdrawal,303.8,410.0
629,11,Checking,3721.97,1029.0,withdrawal,128.35,691.0
629,11,Checking,3721.97,1029.0,withdrawal,128.35,691.0
629,11,Checking,3721.97,1029.0,withdrawal,128.35,691.0
630,104,Checking,6792.0,799.0,withdrawal,273.11,60.0
631,29,Savings,5051.48,867.0,,,
632,164,Savings,2344.76,383.0,deposit,397.28,677.0
632,164,Savings,2344.76,383.0,deposit,397.28,677.0
632,164,Savings,2344.76,383.0,deposit,397.28,677.0
633,112,Credit,2355.97,1276.0,,,
634,64,Savings,3935.69,1215.0,deposit,172.5,456.0
635,193,Credit,6047.23,580.0,withdrawal,107.07,919.0
636,28,Checking,9529.29,1223.0,withdrawal,217.2,1192.0
637,5,,,,withdrawal,231.63,858.0
638,16,Credit,1496.1,533.0,withdrawal,241.14,1155.0
638,16,Credit,1496.1,533.0,withdrawal,241.14,1155.0
638,16,Credit,1496.1,533.0,withdrawal,241.14,1155.0
639,167,,,,,,
640,65,,,,deposit,383.33,262.0
640,65,,,,deposit,383.33,262.0
641,40,,,,withdrawal,443.16,822.0
642,138,Checking,7104.71,1206.0,,,
642,138,Checking,7104.71,1206.0,,,
642,138,Checking,7104.71,1206.0,,,
643,66,Checking,9829.08,880.0,withdrawal,269.25,397.0
643,66,Checking,9829.08,880.0,withdrawal,269.25,397.0
644,101,Savings,1388.48,136.0,,,
645,170,Checking,8915.18,899.0,deposit,273.08,1206.0
646,37,Checking,6400.46,447.0,withdrawal,188.36,527.0
647,40,,,,withdrawal,206.1,424.0
648,15,Savings,4846.99,602.0,withdrawal,384.3,213.0
649,164,Savings,2344.76,383.0,withdrawal,271.14,1418.0
649,164,Savings,2344.76,383.0,withdrawal,271.14,1418.0
649,164,Savings,2344.76,383.0,withdrawal,271.14,1418.0
650,52,Savings,5779.42,226.0,deposit,285.47,237.0
651,81,Checking,9925.68,125.0,withdrawal,37.57,329.0
652,60,Savings,3999.07,285.0,withdrawal,336.6,615.0
653,186,Savings,868.01,1097.0,,,
654,111,Savings,4200.08,1249.0,deposit,369.02,1488.0
655,173,Checking,5688.51,244.0,deposit,195.62,213.0
656,194,Credit,7251.0,1053.0,deposit,198.72,1057.0
656,194,Credit,7251.0,1053.0,deposit,198.72,1057.0
656,194,Credit,7251.0,1053.0,deposit,198.72,1057.0
657,14,Savings,9772.03,212.0,withdrawal,245.28,153.0
658,170,Checking,8915.18,899.0,withdrawal,230.88,557.0
659,137,,,,withdrawal,82.92,1278.0
659,137,,,,withdrawal,82.92,1278.0
659,137,,,,withdrawal,82.92,1278.0
660,195,,,,withdrawal,20.74,1036.0
660,195,,,,withdrawal,20.74,1036.0
660,195,,,,withdrawal,20.74,1036.0
660,195,,,,withdrawal,20.74,1036.0
661,170,Checking,8915.18,899.0,deposit,160.14,1368.0
662,16,Credit,1496.1,533.0,,,
662,16,Credit,1496.1,533.0,,,
662,16,Credit,1496.1,533.0,,,
663,140,Checking,9213.84,1171.0,deposit,100.57,1272.0
663,140,Checking,9213.84,1171.0,deposit,100.57,1272.0
663,140,Checking,9213.84,1171.0,deposit,100.57,1272.0
664,43,,,,withdrawal,333.64,1320.0
665,70,Credit,6992.14,798.0,deposit,301.47,928.0
666,190,Checking,4796.91,1415.0,deposit,393.86,470.0
666,190,Checking,4796.91,1415.0,deposit,393.86,470.0
666,190,Checking,4796.91,1415.0,deposit,393.86,470.0
667,111,Savings,4200.08,1249.0,,,
668,181,Credit,2299.16,1429.0,deposit,207.68,1387.0
669,29,Savings,5051.48,867.0,deposit,69.98,251.0
670,40,,,,,,
671,147,Savings,2470.66,280.0,,,
672,153,Checking,5674.38,226.0,deposit,279.09,891.0
672,153,Checking,5674.38,226.0,deposit,279.09,891.0
672,153,Checking,5674.38,226.0,deposit,279.09,891.0
673,146,Checking,9908.2,931.0,withdrawal,457.32,651.0
674,80,,,,,,
675,30,Checking,4880.23,274.0,,,
676,156,Checking,6267.88,1.0,withdrawal,55.73,366.0
677,18,Savings,4315.64,1195.0,withdrawal,160.37,1.0
678,10,,,,withdrawal,344.11,983.0
679,136,Credit,2920.52,1439.0,,,
680,31,Savings,8380.64,694.0,withdrawal,267.72,588.0
680,31,Savings,8380.64,694.0,withdrawal,267.72,588.0
681,102,Credit,369.92,948.0,deposit,314.01,234.0
681,102,Credit,369.92,948.0,deposit,314.01,234.0
681,102,Credit,369.92,948.0,deposit,314.01,234.0
682,132,Checking,5238.53,163.0,withdrawal,419.19,1192.0
683,25,Savings,8330.83,1484.0,deposit,468.99,777.0
683,25,Savings,8330.83,1484.0,deposit,468.99,777.0
683,25,Savings,8330.83,1484.0,deposit,468.99,777.0
684,84,,,,deposit,49.37,1443.0
685,186,Savings,868.01,1097.0,withdrawal,180.31,1204.0
686,59,,,,deposit,443.22,1499.0
687,165,Checking,6463.29,1376.0,deposit,475.03,721.0
687,165,Checking,6463.29,1376.0,deposit,475.03,721.0
687,165,Checking,6463.29,1376.0,deposit,475.03,721.0
688,111,Savings,4200.08,1249.0,deposit,298.15,994.0
689,95,Credit,8536.16,691.0,withdrawal,486.54,1490.0
689,95,Credit,8536.16,691.0,withdrawal,486.54,1490.0
689,95,Credit,8536.16,691.0,withdrawal,486.54,1490.0
689,95,Credit,8536.16,691.0,withdrawal,486.54,1490.0
690,33,Checking,4000.76,1356.0,deposit,214.98,394.0
690,33,Checking,4000.76,1356.0,deposit,214.98,394.0
690,33,Checking,4000.76,1356.0,deposit,214.98,394.0
691,33,Checking,4000.76,1356.0,withdrawal,381.46,1093.0
691,33,Checking,4000.76,1356.0,withdrawal,381.46,1093.0
691,33,Checking,4000.76,1356.0,withdrawal,381.46,1093.0
692,16,Credit,1496.1,533.0,,,
692,16,Credit,1496.1,533.0,,,
692,16,Credit,1496.1,533.0,,,
693,10,,,,deposit,354.62,1291.0
694,135,Credit,5566.77,789.0,deposit,307.95,363.0
694,135,Credit,5566.77,789.0,deposit,307.95,363.0
695,71,Checking,660.41,1482.0,withdrawal,349.73,886.0
695,71,Checking,660.41,1482.0,withdrawal,349.73,886.0
695,71,Checking,660.41,1482.0,withdrawal,349.73,886.0
696,46,Checking,2511.55,1150.0,,,
697,30,Checking,4880.23,274.0,withdrawal,44.05,819.0
698,175,Checking,1099.34,39.0,withdrawal,249.22,483.0
699,14,Savings,9772.03,212.0,deposit,372.74,796.0
700,94,,,,,,
701,182,Credit,4170.83,330.0,,,
702,125,,,,withdrawal,42.19,64.0
702,125,,,,withdrawal,42.19,64.0
702,125,,,,withdrawal,42.19,64.0
702,125,,,,withdrawal,42.19,64.0
702,125,,,,withdrawal,42.19,64.0
702,125,,,,withdrawal,42.19,64.0
703,8,Credit,8439.15,310.0,withdrawal,149.9,878.0
704,94,,,,withdrawal,298.12,59.0
705,146,Checking,9908.2,931.0,deposit,460.47,792.0
706,69,Credit,2371.32,1283.0,withdrawal,143.86,692.0
707,71,Checking,660.41,1482.0,deposit,304.73,91.0
707,71,Checking,660.41,1482.0,deposit,304.73,91.0
707,71,Checking,660.41,1482.0,deposit,304.73,91.0
708,37,Checking,6400.46,447.0,withdrawal,469.8,1165.0
709,167,,,,deposit,61.28,1245.0
710,22,Credit,8539.34,1180.0,deposit,50.37,1092.0
711,114,Checking,5816.22,1359.0,withdrawal,368.28,951.0
712,30,Checking,4880.23,274.0,,,
713,94,,,,deposit,100.4,1381.0
714,52,Savings,5779.42,226.0,,,
715,59,,,,withdrawal,41.77,533.0
716,26,Savings,8648.97,887.0,withdrawal,375.37,102.0
716,26,Savings,8648.97,887.0,withdrawal,375.37,102.0
717,44,,,,deposit,464.81,1353.0
718,186,Savings,868.01,1097.0,withdrawal,98.94,44.0
719,68,,,,withdrawal,365.05,302.0
720,6,Savings,947.43,857.0,withdrawal,355.71,1477.0
721,42,Checking,4797.54,818.0,withdrawal,405.08,7.0
722,91,Credit,5498.05,1176.0,withdrawal,54.73,1414.0
723,78,Checking,2442.05,439.0,withdrawal,221.87,274.0
723,78,Checking,2442.05,439.0,withdrawal,221.87,274.0
724,129,Credit,6510.08,821.0,deposit,330.56,1396.0
725,63,Credit,6050.42,253.0,withdrawal,350.19,1452.0
726,103,,,,withdrawal,491.4,704.0
727,155,,,,deposit,432.95,932.0
728,67,Savings,5901.01,671.0,withdrawal,153.95,1081.0
729,6,Savings,947.43,857.0,deposit,459.81,1022.0
730,151,Savings,3485.52,772.0,deposit,439.47,606.0
731,132,Checking,5238.53,163.0,,,
732,54,,,,deposit,265.49,841.0
733,176,Credit,5388.75,222.0,withdrawal,288.39,953.0
734,128,,,,,,
734,128,,,,,,
735,117,Savings,9716.41,989.0,withdrawal,224.77,1012.0
735,117,Savings,9716.41,989.0,withdrawal,224.77,1012.0
736,51,,,,deposit,285.31,1466.0
737,106,Savings,5071.66,578.0,deposit,499.43,96.0
738,17,Savings,8268.0,375.0,,,
739,37,Checking,6400.46,447.0,deposit,328.19,938.0
740,17,Savings,8268.0,375.0,deposit,438.4,558.0
741,3,Savings,2391.9,261.0,,,
741,3,Savings,2391.9,261.0,,,
741,3,Savings,2391.9,261.0,,,
742,151,Savings,3485.52,772.0,deposit,152.27,1101.0
743,1,,,,withdrawal,374.65,914.0
744,135,Credit,5566.77,789.0,deposit,438.99,284.0
744,135,Credit,5566.77,789.0,deposit,438.99,284.0
745,196,Checking,1782.43,359.0,withdrawal,291.71,242.0
745,196,Checking,1782.43,359.0,withdrawal,291.71,242.0
746,53,Credit,5981.73,160.0,withdrawal,164.82,1328.0
747,183,,,,withdrawal,415.56,116.0
748,124,Savings,618.8,889.0,,,
749,75,,,,withdrawal,484.75,197.0
750,107,Savings,1377.35,879.0,withdrawal,458.76,1450.0
751,106,Savings,5071.66,578.0,withdrawal,253.72,434.0
752,54,,,,,,
753,121,Checking,9224.91,428.0,withdrawal,81.57,667.0
754,128,,,,deposit,373.26,1393.0
754,128,,,,deposit,373.26,1393.0
755,73,Checking,8090.41,433.0,,,
755,73,Checking,8090.41,433.0,,,
756,96,Credit,6177.48,1446.0,withdrawal,117.9,107.0
757,196,Checking,1782.43,359.0,deposit,467.19,511.0
757,196,Checking,1782.43,359.0,deposit,467.19,511.0
758,175,Checking,1099.34,39.0,withdrawal,442.31,1412.0
759,62,Checking,8922.24,1200.0,deposit,63.38,1149.0
760,43,,,,deposit,412.57,130.0
761,171,Savings,6495.7,1136.0,deposit,237.52,1162.0
761,171,Savings,6495.7,1136.0,deposit,237.52,1162.0
761,171,Savings,6495.7,1136.0,deposit,237.52,1162.0
762,197,Credit,6893.38,478.0,withdrawal,246.77,504.0
763,152,Checking,1958.76,1359.0,withdrawal,425.53,1463.0
763,152,Checking,1958.76,1359.0,withdrawal,425.53,1463.0
763,152,Checking,1958.76,1359.0,withdrawal,425.53,1463.0
764,172,Checking,5627.79,425.0,,,
764,172,Checking,5627.79,425.0,,,
764,172,Checking,5627.79,425.0,,,
765,121,Checking,9224.91,428.0,deposit,321.71,191.0
766,145,Credit,4250.13,263.0,,,
766,145,Credit,4250.13,263.0,,,
767,61,Savings,9573.53,614.0,deposit,403.99,707.0
768,168,Checking,7988.05,301.0,withdrawal,61.58,276.0
768,168,Checking,7988.05,301.0,withdrawal,61.58,276.0
769,22,Credit,8539.34,1180.0,deposit,175.05,39.0
770,76,Savings,9418.14,392.0,withdrawal,420.79,523.0
771,124,Savings,618.8,889.0,,,
772,196,Checking,1782.43,359.0,,,
772,196,Checking,1782.43,359.0,,,
773,24,Credit,444.6,671.0,,,
773,24,Credit,444.6,671.0,,,
773,24,Credit,444.6,671.0,,,
773,24,Credit,444.6,671.0,,,
774,88,,,,deposit,235.49,599.0
774,88,,,,deposit,235.49,599.0
775,136,Credit,2920.52,1439.0,,,
776,190,Checking,4796.91,1415.0,deposit,466.84,145.0
776,190,Checking,4796.91,1415.0,deposit,466.84,145.0
776,190,Checking,4796.91,1415.0,deposit,466.84,145.0
777,159,Checking,7987.97,243.0,deposit,184.9,1423.0
777,159,Checking,7987.97,243.0,deposit,184.9,1423.0
777,159,Checking,7987.97,243.0,deposit,184.9,1423.0
778,178,Checking,9847.69,1035.0,withdrawal,171.77,1407.0
778,178,Checking,9847.69,1035.0,withdrawal,171.77,1407.0
779,91,Credit,5498.05,1176.0,deposit,264.39,91.0
780,95,Credit,8536.16,691.0,deposit,116.87,1246.0
780,95,Credit,8536.16,691.0,deposit,116.87,1246.0
780,95,Credit,8536.16,691.0,deposit,116.87,1246.0
780,95,Credit,8536.16,691.0,deposit,116.87,1246.0
781,191,Savings,3081.66,689.0,deposit,35.78,1278.0
781,191,Savings,3081.66,689.0,deposit,35.78,1278.0
781,191,Savings,3081.66,689.0,deposit,35.78,1278.0
782,139,Credit,8339.92,1018.0,withdrawal,364.72,615.0
782,139,Credit,8339.92,1018.0,withdrawal,364.72,615.0
782,139,Credit,8339.92,1018.0,withdrawal,364.72,615.0
783,173,Checking,5688.51,244.0,deposit,461.45,570.0
784,166,Credit,4772.63,876.0,deposit,495.3,305.0
785,167,,,,withdrawal,264.32,129.0
786,106,Savings,5071.66,578.0,deposit,165.52,1320.0
787,93,Checking,7800.33,1356.0,withdrawal,280.39,256.0
787,93,Checking,7800.33,1356.0,withdrawal,280.39,256.0
787,93,Checking,7800.33,1356.0,withdrawal,280.39,256.0
788,158,,,,deposit,227.52,131.0
788,158,,,,deposit,227.52,131.0
789,104,Checking,6792.0,799.0,deposit,387.54,214.0
790,80,,,,withdrawal,423.28,843.0
791,156,Checking,6267.88,1.0,deposit,100.34,232.0
792,131,Credit,8875.18,113.0,,,
793,130,Credit,4382.28,507.0,deposit,405.47,1144.0
794,150,Credit,1432.24,1147.0,deposit,113.28,1179.0
794,150,Credit,1432.24,1147.0,deposit,113.28,1179.0
794,150,Credit,1432.24,1147.0,deposit,113.28,1179.0
795,43,,,,deposit,67.51,729.0
796,197,Credit,6893.38,478.0,withdrawal,375.39,1095.0
797,29,Savings,5051.48,867.0,,,
798,157,Savings,8124.79,414.0,deposit,278.74,164.0
798,157,Savings,8124.79,414.0,deposit,278.74,164.0
798,157,Savings,8124.79,414.0,deposit,278.74,164.0
799,36,Checking,4765.84,781.0,deposit,138.12,1185.0
799,36,Checking,4765.84,781.0,deposit,138.12,1185.0
800,3,Savings,2391.9,261.0,,,
800,3,Savings,2391.9,261.0,,,
800,3,Savings,2391.9,261.0,,,
801,112,Credit,2355.97,1276.0,deposit,45.34,497.0
802,119,Checking,5592.4,170.0,withdrawal,166.31,1097.0
803,180,Savings,2901.49,1103.0,withdrawal,136.9,273.0
804,27,Savings,7446.25,1398.0,deposit,107.09,538.0
805,73,Checking,8090.41,433.0,withdrawal,319.84,1178.0
805,73,Checking,8090.41,433.0,withdrawal,319.84,1178.0
806,152,Checking,1958.76,1359.0,,,
806,152,Checking,1958.76,1359.0,,,
806,152,Checking,1958.76,1359.0,,,
807,156,Checking,6267.88,1.0,deposit,271.67,1216.0
808,198,Savings,4040.05,1332.0,deposit,345.14,1278.0
809,17,Savings,8268.0,375.0,deposit,71.1,415.0
810,93,Checking,7800.33,1356.0,deposit,57.84,325.0
810,93,Checking,7800.33,1356.0,deposit,57.84,325.0
810,93,Checking,7800.33,1356.0,deposit,57.84,325.0
811,137,,,,withdrawal,318.38,81.0
811,137,,,,withdrawal,318.38,81.0
811,137,,,,withdrawal,318.38,81.0
812,41,Savings,1443.64,151.0,deposit,378.28,398.0
812,41,Savings,1443.64,151.0,deposit,378.28,398.0
812,41,Savings,1443.64,151.0,deposit,378.28,398.0
813,4,Credit,7880.53,1322.0,deposit,87.79,496.0
813,4,Credit,7880.53,1322.0,deposit,87.79,496.0
814,12,Checking,4532.51,982.0,withdrawal,211.13,597.0
815,154,Checking,5272.84,813.0,withdrawal,367.84,1094.0
816,183,,,,deposit,485.76,1332.0
817,179,,,,withdrawal,466.1,1053.0
818,115,Checking,4653.15,962.0,deposit,494.63,1323.0
819,22,Credit,8539.34,1180.0,withdrawal,21.32,1283.0
820,57,Savings,9139.78,1099.0,withdrawal,499.36,1242.0
821,40,,,,deposit,132.89,580.0
822,26,Savings,8648.97,887.0,withdrawal,48.55,1129.0
822,26,Savings,8648.97,887.0,withdrawal,48.55,1129.0
823,195,,,,withdrawal,43.47,1479.0
823,195,,,,withdrawal,43.47,1479.0
823,195,,,,withdrawal,43.47,1479.0
823,195,,,,withdrawal,43.47,1479.0
824,122,Credit,6517.51,973.0,withdrawal,116.77,1008.0
825,140,Checking,9213.84,1171.0,deposit,173.35,26.0
825,140,Checking,9213.84,1171.0,deposit,173.35,26.0
825,140,Checking,9213.84,1171.0,deposit,173.35,26.0
826,131,Credit,8875.18,113.0,withdrawal,378.88,1233.0
827,60,Savings,3999.07,285.0,,,
828,95,Credit,8536.16,691.0,withdrawal,375.91,1131.0
828,95,Credit,8536.16,691.0,withdrawal,375.91,1131.0
828,95,Credit,8536.16,691.0,withdrawal,375.91,1131.0
828,95,Credit,8536.16,691.0,withdrawal,375.91,1131.0
829,9,Checking,9232.35,895.0,deposit,406.52,85.0
830,126,Credit,4750.66,983.0,withdrawal,205.97,96.0
830,126,Credit,4750.66,983.0,withdrawal,205.97,96.0
831,179,,,,deposit,59.2,596.0
832,75,,,,withdrawal,485.29,1332.0
833,191,Savings,3081.66,689.0,withdrawal,362.98,577.0
833,191,Savings,3081.66,689.0,withdrawal,362.98,577.0
833,191,Savings,3081.66,689.0,withdrawal,362.98,577.0
834,56,Credit,8471.16,614.0,,,
835,10,,,,withdrawal,177.93,364.0
836,93,Checking,7800.33,1356.0,withdrawal,481.91,512.0
836,93,Checking,7800.33,1356.0,withdrawal,481.91,512.0
836,93,Checking,7800.33,1356.0,withdrawal,481.91,512.0
837,101,Savings,1388.48,136.0,,,
838,198,Savings,4040.05,1332.0,withdrawal,230.93,1308.0
839,90,Savings,723.3,366.0,withdrawal,347.3,1408.0
839,90,Savings,723.3,366.0,withdrawal,347.3,1408.0
840,10,,,,withdrawal,400.25,352.0
841,57,Savings,9139.78,1099.0,deposit,152.3,385.0
842,32,,,,deposit,151.04,1413.0
842,32,,,,deposit,151.04,1413.0
843,179,,,,,,
844,83,,,,withdrawal,134.21,1280.0
845,196,Checking,1782.43,359.0,withdrawal,53.36,661.0
845,196,Checking,1782.43,359.0,withdrawal,53.36,661.0
846,143,Credit,646.6,264.0,deposit,303.79,1418.0
847,69,Credit,2371.32,1283.0,,,
848,59,,,,,,
849,138,Checking,7104.71,1206.0,withdrawal,168.52,1426.0
849,138,Checking,7104.71,1206.0,withdrawal,168.52,1426.0
849,138,Checking,7104.71,1206.0,withdrawal,168.52,1426.0
850,169,Checking,8090.98,73.0,withdrawal,182.03,670.0
851,32,,,,deposit,248.92,643.0
851,32,,,,deposit,248.92,643.0
852,177,Checking,4690.68,1384.0,deposit,250.75,860.0
853,31,Savings,8380.64,694.0,withdrawal,375.89,1214.0
853,31,Savings,8380.64,694.0,withdrawal,375.89,1214.0
854,109,Credit,8482.27,858.0,deposit,486.32,260.0
854,109,Credit,8482.27,858.0,deposit,486.32,260.0
855,75,,,,deposit,129.53,1274.0
856,44,,,,withdrawal,400.19,987.0
857,122,Credit,6517.51,973.0,deposit,45.15,1295.0
858,88,,,,withdrawal,168.76,1193.0
858,88,,,,withdrawal,168.76,1193.0
859,163,,,,,,
860,95,Credit,8536.16,691.0,deposit,255.19,74.0
860,95,Credit,8536.16,691.0,deposit,255.19,74.0
860,95,Credit,8536.16,691.0,deposit,255.19,74.0
860,95,Credit,8536.16,691.0,deposit,255.19,74.0
861,96,Credit,6177.48,1446.0,deposit,99.57,22.0
862,132,Checking,5238.53,163.0,withdrawal,273.01,387.0
863,170,Checking,8915.18,899.0,,,
864,95,Credit,8536.16,691.0,withdrawal,130.18,367.0
864,95,Credit,8536.16,691.0,withdrawal,130.18,367.0
864,95,Credit,8536.16,691.0,withdrawal,130.18,367.0
864,95,Credit,8536.16,691.0,withdrawal,130.18,367.0
865,92,Savings,3181.09,893.0,withdrawal,244.97,1034.0
865,92,Savings,3181.09,893.0,withdrawal,244.97,1034.0
866,47,Checking,9461.84,497.0,withdrawal,35.55,507.0
867,3,Savings,2391.9,261.0,withdrawal,97.69,997.0
867,3,Savings,2391.9,261.0,withdrawal,97.69,997.0
867,3,Savings,2391.9,261.0,withdrawal,97.69,997.0
868,69,Credit,2371.32,1283.0,withdrawal,54.28,1086.0
869,2,,,,deposit,447.56,572.0
869,2,,,,deposit,447.56,572.0
869,2,,,,deposit,447.56,572.0
869,2,,,,deposit,447.56,572.0
870,35,Credit,3099.1,756.0,deposit,205.89,496.0
871,192,Checking,3158.88,1378.0,deposit,235.7,39.0
872,172,Checking,5627.79,425.0,deposit,54.83,356.0
872,172,Checking,5627.79,425.0,deposit,54.83,356.0
872,172,Checking,5627.79,425.0,deposit,54.83,356.0
873,142,Checking,6560.6,883.0,withdrawal,206.36,578.0
874,19,Checking,7676.38,512.0,deposit,343.63,529.0
875,130,Credit,4382.28,507.0,deposit,199.47,974.0
876,103,,,,,,
877,33,Checking,4000.76,1356.0,deposit,461.68,124.0
877,33,Checking,4000.76,1356.0,deposit,461.68,124.0
877,33,Checking,4000.76,1356.0,deposit,461.68,124.0
878,108,Credit,856.98,587.0,deposit,150.94,1477.0
879,193,Credit,6047.23,580.0,deposit,53.28,379.0
880,38,Checking,3099.96,1221.0,,,
881,86,Savings,479.11,117.0,,,
882,36,Checking,4765.84,781.0,deposit,498.69,181.0
882,36,Checking,4765.84,781.0,deposit,498.69,181.0
883,179,,,,deposit,157.75,322.0
884,2,,,,withdrawal,442.35,408.0
884,2,,,,withdrawal,442.35,408.0
884,2,,,,withdrawal,442.35,408.0
884,2,,,,withdrawal,442.35,408.0
885,160,Credit,7658.87,700.0,withdrawal,29.94,863.0
885,160,Credit,7658.87,700.0,withdrawal,29.94,863.0
886,161,Credit,7481.3,372.0,,,
886,161,Credit,7481.3,372.0,,,
886,161,Credit,7481.3,372.0,,,
887,55,Checking,5108.1,1262.0,deposit,413.38,356.0
888,16,Credit,1496.1,533.0,,,
888,16,Credit,1496.1,533.0,,,
888,16,Credit,1496.1,533.0,,,
889,134,,,,deposit,194.21,859.0
889,134,,,,deposit,194.21,859.0
890,178,Checking,9847.69,1035.0,deposit,255.18,554.0
890,178,Checking,9847.69,1035.0,deposit,255.18,554.0
891,100,Checking,2767.61,305.0,deposit,431.8,1113.0
892,173,Checking,5688.51,244.0,withdrawal,372.59,835.0
893,130,Credit,4382.28,507.0,withdrawal,104.89,1381.0
894,145,Credit,4250.13,263.0,,,
894,145,Credit,4250.13,263.0,,,
895,86,Savings,479.11,117.0,,,
896,35,Credit,3099.1,756.0,deposit,354.18,792.0
897,65,,,,deposit,41.51,840.0
897,65,,,,deposit,41.51,840.0
898,182,Credit,4170.83,330.0,withdrawal,123.69,284.0
899,190,Checking,4796.91,1415.0,withdrawal,74.05,445.0
899,190,Checking,4796.91,1415.0,withdrawal,74.05,445.0
899,190,Checking,4796.91,1415.0,withdrawal,74.05,445.0
900,147,Savings,2470.66,280.0,,,
901,100,Checking,2767.61,305.0,,,
902,46,Checking,2511.55,1150.0,deposit,432.41,405.0
903,170,Checking,8915.18,899.0,withdrawal,183.25,196.0
904,131,Credit,8875.18,113.0,withdrawal,171.76,1112.0
905,39,Credit,6681.52,679.0,deposit,133.29,625.0
905,39,Credit,6681.52,679.0,deposit,133.29,625.0
906,136,Credit,2920.52,1439.0,withdrawal,272.05,493.0
907,145,Credit,4250.13,263.0,withdrawal,70.46,1263.0
907,145,Credit,4250.13,263.0,withdrawal,70.46,1263.0
908,34,,,,deposit,252.15,578.0
909,86,Savings,479.11,117.0,withdrawal,495.55,687.0
910,80,,,,deposit,72.66,3.0
911,171,Savings,6495.7,1136.0,deposit,477.01,41.0
911,171,Savings,6495.7,1136.0,deposit,477.01,41.0
911,171,Savings,6495.7,1136.0,deposit,477.01,41.0
912,7,Savings,4492.62,244.0,,,
913,151,Savings,3485.52,772.0,withdrawal,232.51,668.0
914,177,Checking,4690.68,1384.0,withdrawal,143.16,786.0
915,26,Savings,8648.97,887.0,deposit,480.59,1343.0
915,26,Savings,8648.97,887.0,deposit,480.59,1343.0
916,57,Savings,9139.78,1099.0,deposit,75.34,1160.0
917,73,Checking,8090.41,433.0,withdrawal,137.11,1334.0
917,73,Checking,8090.41,433.0,withdrawal,137.11,1334.0
918,194,Credit,7251.0,1053.0,deposit,431.4,694.0
918,194,Credit,7251.0,1053.0,deposit,431.4,694.0
918,194,Credit,7251.0,1053.0,deposit,431.4,694.0
919,181,Credit,2299.16,1429.0,deposit,464.69,273.0
920,179,,,,,,
921,92,Savings,3181.09,893.0,withdrawal,462.68,634.0
921,92,Savings,3181.09,893.0,withdrawal,462.68,634.0
922,83,,,,withdrawal,273.4,144.0
923,136,Credit,2920.52,1439.0,withdrawal,34.46,75.0
924,156,Checking,6267.88,1.0,deposit,368.39,94.0
925,119,Checking,5592.4,170.0,deposit,356.26,1347.0
926,49,Credit,9382.52,960.0,deposit,499.21,304.0
927,189,Savings,5933.37,676.0,deposit,214.46,60.0
928,84,,,,withdrawal,419.21,1241.0
929,7,Savings,4492.62,244.0,deposit,195.26,160.0
930,128,,,,deposit,273.38,1291.0
930,128,,,,deposit,273.38,1291.0
931,45,Checking,2161.94,676.0,deposit,195.41,410.0
931,45,Checking,2161.94,676.0,deposit,195.41,410.0
931,45,Checking,2161.94,676.0,deposit,195.41,410.0
932,132,Checking,5238.53,163.0,withdrawal,342.17,720.0
933,87,Credit,3020.06,327.0,deposit,185.92,457.0
933,87,Credit,3020.06,327.0,deposit,185.92,457.0
933,87,Credit,3020.06,327.0,deposit,185.92,457.0
934,94,,,,withdrawal,199.22,213.0
935,113,Checking,1547.22,540.0,withdrawal,317.19,1439.0
935,113,Checking,1547.22,540.0,withdrawal,317.19,1439.0
935,113,Checking,1547.22,540.0,withdrawal,317.19,1439.0
936,189,Savings,5933.37,676.0,withdrawal,85.14,1469.0
937,156,Checking,6267.88,1.0,,,
938,135,Credit,5566.77,789.0,withdrawal,192.76,274.0
938,135,Credit,5566.77,789.0,withdrawal,192.76,274.0
939,134,,,,withdrawal,22.67,1153.0
939,134,,,,withdrawal,22.67,1153.0
940,38,Checking,3099.96,1221.0,deposit,62.5,737.0
941,33,Checking,4000.76,1356.0,deposit,266.13,1422.0
941,33,Checking,4000.76,1356.0,deposit,266.13,1422.0
941,33,Checking,4000.76,1356.0,deposit,266.13,1422.0
942,39,Credit,6681.52,679.0,deposit,428.93,960.0
942,39,Credit,6681.52,679.0,deposit,428.93,960.0
943,183,,,,withdrawal,47.81,1279.0
944,111,Savings,4200.08,1249.0,,,
945,153,Checking,5674.38,226.0,deposit,496.21,195.0
945,153,Checking,5674.38,226.0,deposit,496.21,195.0
945,153,Checking,5674.38,226.0,deposit,496.21,195.0
946,112,Credit,2355.97,1276.0,deposit,29.98,471.0
947,130,Credit,4382.28,507.0,deposit,85.43,1065.0
948,24,Credit,444.6,671.0,,,
948,24,Credit,444.6,671.0,,,
948,24,Credit,444.6,671.0,,,
948,24,Credit,444.6,671.0,,,
949,110,Credit,2586.78,1161.0,deposit,154.29,70.0
950,156,Checking,6267.88,1.0,deposit,329.5,1216.0
951,76,Savings,9418.14,392.0,deposit,137.52,129.0
952,108,Credit,856.98,587.0,withdrawal,280.95,647.0
953,90,Savings,723.3,366.0,withdrawal,112.51,314.0
953,90,Savings,723.3,366.0,withdrawal,112.51,314.0
954,171,Savings,6495.7,1136.0,,,
954,171,Savings,6495.7,1136.0,,,
954,171,Savings,6495.7,1136.0,,,
955,99,Credit,7306.58,579.0,withdrawal,343.17,267.0
955,99,Credit,7306.58,579.0,withdrawal,343.17,267.0
956,12,Checking,4532.51,982.0,deposit,464.51,1267.0
957,36,Checking,4765.84,781.0,withdrawal,51.63,1382.0
957,36,Checking,4765.84,781.0,withdrawal,51.63,1382.0
958,83,,,,withdrawal,320.77,1041.0
959,27,Savings,7446.25,1398.0,deposit,76.52,292.0
960,11,Checking,3721.97,1029.0,deposit,40.51,571.0
960,11,Checking,3721.97,1029.0,deposit,40.51,571.0
960,11,Checking,3721.97,1029.0,deposit,40.51,571.0
961,138,Checking,7104.71,1206.0,,,
961,138,Checking,7104.71,1206.0,,,
961,138,Checking,7104.71,1206.0,,,
962,119,Checking,5592.4,170.0,withdrawal,297.7,268.0
963,25,Savings,8330.83,1484.0,withdrawal,137.05,454.0
963,25,Savings,8330.83,1484.0,withdrawal,137.05,454.0
963,25,Savings,8330.83,1484.0,withdrawal,137.05,454.0
964,42,Checking,4797.54,818.0,deposit,291.47,618.0
965,106,Savings,5071.66,578.0,deposit,276.04,1350.0
966,127,Credit,3471.36,1471.0,withdrawal,252.36,75.0
966,127,Credit,3471.36,1471.0,withdrawal,252.36,75.0
967,180,Savings,2901.49,1103.0,withdrawal,272.85,924.0
968,91,Credit,5498.05,1176.0,withdrawal,329.84,274.0
969,180,Savings,2901.49,1103.0,,,
970,134,,,,deposit,138.58,57.0
970,134,,,,deposit,138.58,57.0
971,21,Checking,5164.29,978.0,withdrawal,50.48,663.0
972,53,Credit,5981.73,160.0,withdrawal,287.54,422.0
973,170,Checking,8915.18,899.0,withdrawal,425.05,252.0
974,159,Checking,7987.97,243.0,,,
974,159,Checking,7987.97,243.0,,,
974,159,Checking,7987.97,243.0,,,
975,68,,,,,,
976,30,Checking,4880.23,274.0,withdrawal,438.42,1212.0
977,111,Savings,4200.08,1249.0,withdrawal,411.27,446.0
978,7,Savings,4492.62,244.0,withdrawal,311.09,1054.0
979,160,Credit,7658.87,700.0,withdrawal,61.01,689.0
979,160,Credit,7658.87,700.0,withdrawal,61.01,689.0
980,61,Savings,9573.53,614.0,deposit,452.94,73.0
981,124,Savings,618.8,889.0,deposit,108.92,556.0
982,56,Credit,8471.16,614.0,withdrawal,268.3,825.0
983,119,Checking,5592.4,170.0,deposit,388.27,1357.0
984,109,Credit,8482.27,858.0,,,
984,109,Credit,8482.27,858.0,,,
985,21,Checking,5164.29,978.0,withdrawal,488.42,391.0
986,58,Checking,485.78,339.0,,,
987,52,Savings,5779.42,226.0,withdrawal,58.06,106.0
988,40,,,,deposit,201.64,548.0
989,192,Checking,3158.88,1378.0,,,
990,43,,,,,,
991,160,Credit,7658.87,700.0,withdrawal,360.28,1347.0
991,160,Credit,7658.87,700.0,withdrawal,360.28,1347.0
992,22,Credit,8539.34,1180.0,,,
993,48,Savings,2813.49,1370.0,,,
994,196,Checking,1782.43,359.0,withdrawal,499.3,108.0
994,196,Checking,1782.43,359.0,withdrawal,499.3,108.0
995,71,Checking,660.41,1482.0,withdrawal,31.22,156.0
995,71,Checking,660.41,1482.0,withdrawal,31.22,156.0
995,71,Checking,660.41,1482.0,withdrawal,31.22,156.0
996,134,,,,withdrawal,303.3,1286.0
996,134,,,,withdrawal,303.3,1286.0
997,165,Checking,6463.29,1376.0,deposit,484.0,362.0
997,165,Checking,6463.29,1376.0,deposit,484.0,362.0
997,165,Checking,6463.29,1376.0,deposit,484.0,362.0
998,94,,,,withdrawal,427.36,1266.0
999,68,,,,withdrawal,415.01,771.0
1000,76,Savings,9418.14,392.0,deposit,115.48,655.0
